,Index_ARGP820103amino_acid_compositionconjoint_triad,ARGP820103amino_acid_compositionconjoint_triad
0,ARGP820103_162,0.0129804408482073
1,ARGP820103_256,0.0083486886160743
2,ARGP820103_125,0.0047648995535668
3,conjoint_triad_101,0.0039582868303489
4,conjoint_triad_23,0.0028235770089297
5,conjoint_triad_100,0.002415597098219
6,amino_acid_composition_16,0.0021754743303734
7,conjoint_triad_68,0.0021114955357025
8,amino_acid_composition_11,0.0020236886160786
9,conjoint_triad_59,0.0016039620535796
10,conjoint_triad_108,0.0015275669642733
11,conjoint_triad_128,0.0014377232142827
12,conjoint_triad_65,0.0011381975446411
13,conjoint_triad_39,0.0010974609374981
14,conjoint_triad_37,0.0008866908482201
15,amino_acid_composition_20,0.0008401785714311
16,amino_acid_composition_10,0.0008216796874981
17,amino_acid_composition_3,0.000744280133934
18,conjoint_triad_268,0.0006793247767911
19,ARGP820103_222,0.0006692243303573
20,amino_acid_composition_2,0.0006484933035728
21,ARGP820103_181,0.0006268694196404
22,conjoint_triad_64,0.000575223214282
23,ARGP820103_122,0.0005350167410723
24,amino_acid_composition_1,0.0004866629464304
25,ARGP820103_126,0.0004862165178579
26,conjoint_triad_15,0.0004791852678555
27,conjoint_triad_120,0.0004791852678543
28,ARGP820103_166,0.0004617745535738
29,conjoint_triad_3,0.0004563895089337
30,ARGP820103_225,0.0004459263392845
31,conjoint_triad_2,0.0004446149553518
32,conjoint_triad_53,0.0004331752232113
33,conjoint_triad_17,0.0004170758928622
34,conjoint_triad_156,0.0003994140625029
35,conjoint_triad_16,0.0003933035714336
36,conjoint_triad_85,0.0003418526785688
37,conjoint_triad_66,0.0003289620535722
38,conjoint_triad_58,0.0003239676339284
39,conjoint_triad_36,0.000322349330362
40,conjoint_triad_107,0.0003134207589309
41,conjoint_triad_71,0.0003075055803549
42,conjoint_triad_164,0.0003048828125002
43,conjoint_triad_148,0.00029907924107
44,conjoint_triad_57,0.0002969587053505
45,conjoint_triad_67,0.0002828125000027
46,conjoint_triad_51,0.0002814732142803
47,amino_acid_composition_19,0.0002770089285698
48,ARGP820103_185,0.0002523158482179
49,conjoint_triad_96,0.0002390345982155
50,conjoint_triad_157,0.0002259207589267
51,conjoint_triad_73,0.0002188616071432
52,conjoint_triad_1,0.0002166852678578
53,conjoint_triad_324,0.0002051618303563
54,amino_acid_composition_13,0.0002016183035714
55,conjoint_triad_261,0.0002005859375014
56,conjoint_triad_8,0.0001969866071449
57,conjoint_triad_296,0.0001865513392821
58,amino_acid_composition_18,0.0001824218750005
59,conjoint_triad_149,0.0001819754464296
60,conjoint_triad_54,0.000175474330351
61,amino_acid_composition_8,0.0001748325892827
62,conjoint_triad_55,0.0001641183035761
63,conjoint_triad_10,0.0001607979910669
64,conjoint_triad_21,0.0001547991071432
65,amino_acid_composition_12,0.0001445312500007
66,conjoint_triad_255,0.0001436383928591
67,conjoint_triad_60,0.0001436383928562
68,conjoint_triad_52,0.0001379185267771
69,conjoint_triad_63,0.0001377790178593
70,conjoint_triad_92,0.000134821428575
71,ARGP820103_229,0.0001172712053626
72,ARGP820103_178,0.0001159040178555
73,conjoint_triad_113,0.0001116350446426
74,ARGP820103_159,0.0001066964285717
75,conjoint_triad_275,0.0001046316964274
76,conjoint_triad_30,9.335937499870532e-05
77,amino_acid_composition_17,8.454241072307634e-05
78,conjoint_triad_9,8.113839285987523e-05
79,conjoint_triad_69,8.102678571451349e-05
80,conjoint_triad_62,8.09709821385441e-05
81,conjoint_triad_143,7.926897321132666e-05
82,ARGP820103_226,7.912946428566426e-05
83,conjoint_triad_38,7.82087053552237e-05
84,conjoint_triad_106,6.5178571427702e-05
85,ARGP820103_129,6.308593749658606e-05
86,amino_acid_composition_6,6.138392856801892e-05
87,ARGP820103_121,5.468749999740959e-05
88,conjoint_triad_155,4.9609375000882335e-05
89,ARGP820103_158,4.935825892451791e-05
90,conjoint_triad_79,4.838169643106876e-05
91,conjoint_triad_89,4.72098214289648e-05
92,conjoint_triad_50,4.5535714289113904e-05
93,amino_acid_composition_4,4.386160715067061e-05
94,conjoint_triad_204,3.791852678708224e-05
95,conjoint_triad_114,3.769531249993236e-05
96,conjoint_triad_254,3.510044642784345e-05
97,amino_acid_composition_14,3.233816964174354e-05
98,conjoint_triad_310,2.416294642841957e-05
99,conjoint_triad_61,2.3158482141675225e-05
100,ARGP820103_253,2.2907366069893456e-05
101,conjoint_triad_247,2.1986607141578992e-05
102,conjoint_triad_205,2.1121651784865944e-05
103,conjoint_triad_13,2.047991071312791e-05
104,conjoint_triad_99,1.4313616071459992e-05
105,amino_acid_composition_5,1.3950892858272556e-05
106,amino_acid_composition_9,1.2500000000808038e-05
107,amino_acid_composition_15,1.1328125001013642e-05
108,conjoint_triad_72,7.924107143113896e-06
109,conjoint_triad_150,6.891741070980335e-06
110,conjoint_triad_14,5.580357140783874e-06
111,conjoint_triad_74,5.078125001098055e-06
112,conjoint_triad_171,4.380580358720266e-06
113,conjoint_triad_40,2.7901785731770126e-06
114,conjoint_triad_162,1.5066964293986222e-06
115,conjoint_triad_115,4.1852678549512333e-07
116,conjoint_triad_230,0.0
117,conjoint_triad_80,0.0
118,conjoint_triad_277,0.0
119,conjoint_triad_91,0.0
120,conjoint_triad_90,0.0
121,conjoint_triad_278,0.0
122,conjoint_triad_88,0.0
123,conjoint_triad_87,0.0
124,conjoint_triad_86,0.0
125,conjoint_triad_279,0.0
126,conjoint_triad_84,0.0
127,conjoint_triad_83,0.0
128,conjoint_triad_82,0.0
129,conjoint_triad_81,0.0
130,conjoint_triad_280,0.0
131,conjoint_triad_94,0.0
132,conjoint_triad_78,0.0
133,conjoint_triad_77,0.0
134,conjoint_triad_76,0.0
135,conjoint_triad_75,0.0
136,conjoint_triad_281,0.0
137,conjoint_triad_282,0.0
138,conjoint_triad_283,0.0
139,conjoint_triad_284,0.0
140,conjoint_triad_70,0.0
141,conjoint_triad_285,0.0
142,conjoint_triad_286,0.0
143,conjoint_triad_287,0.0
144,conjoint_triad_93,0.0
145,conjoint_triad_95,0.0
146,conjoint_triad_123,0.0
147,conjoint_triad_266,0.0
148,conjoint_triad_121,0.0
149,conjoint_triad_263,0.0
150,conjoint_triad_119,0.0
151,conjoint_triad_118,0.0
152,conjoint_triad_117,0.0
153,conjoint_triad_116,0.0
154,conjoint_triad_264,0.0
155,conjoint_triad_265,0.0
156,conjoint_triad_112,0.0
157,conjoint_triad_111,0.0
158,conjoint_triad_110,0.0
159,conjoint_triad_109,0.0
160,conjoint_triad_267,0.0
161,conjoint_triad_276,0.0
162,conjoint_triad_269,0.0
163,conjoint_triad_270,0.0
164,conjoint_triad_271,0.0
165,conjoint_triad_105,0.0
166,conjoint_triad_104,0.0
167,conjoint_triad_103,0.0
168,conjoint_triad_102,0.0
169,conjoint_triad_272,0.0
170,conjoint_triad_273,0.0
171,conjoint_triad_274,0.0
172,conjoint_triad_98,0.0
173,conjoint_triad_97,0.0
174,conjoint_triad_288,0.0
175,conjoint_triad_289,0.0
176,conjoint_triad_290,0.0
177,conjoint_triad_291,0.0
178,conjoint_triad_325,0.0
179,conjoint_triad_326,0.0
180,conjoint_triad_327,0.0
181,conjoint_triad_328,0.0
182,conjoint_triad_329,0.0
183,conjoint_triad_56,0.0
184,conjoint_triad_330,0.0
185,conjoint_triad_331,0.0
186,conjoint_triad_332,0.0
187,conjoint_triad_333,0.0
188,conjoint_triad_334,0.0
189,conjoint_triad_335,0.0
190,conjoint_triad_336,0.0
191,conjoint_triad_337,0.0
192,conjoint_triad_49,0.0
193,conjoint_triad_48,0.0
194,conjoint_triad_47,0.0
195,conjoint_triad_338,0.0
196,conjoint_triad_46,0.0
197,conjoint_triad_45,0.0
198,conjoint_triad_44,0.0
199,conjoint_triad_43,0.0
200,conjoint_triad_42,0.0
201,conjoint_triad_339,0.0
202,conjoint_triad_340,0.0
203,conjoint_triad_341,0.0
204,conjoint_triad_342,0.0
205,conjoint_triad_323,0.0
206,conjoint_triad_322,0.0
207,conjoint_triad_321,0.0
208,conjoint_triad_305,0.0
209,conjoint_triad_292,0.0
210,conjoint_triad_293,0.0
211,conjoint_triad_294,0.0
212,conjoint_triad_295,0.0
213,conjoint_triad_297,0.0
214,conjoint_triad_298,0.0
215,conjoint_triad_299,0.0
216,conjoint_triad_300,0.0
217,conjoint_triad_301,0.0
218,conjoint_triad_302,0.0
219,conjoint_triad_303,0.0
220,conjoint_triad_304,0.0
221,conjoint_triad_306,0.0
222,conjoint_triad_320,0.0
223,conjoint_triad_307,0.0
224,conjoint_triad_308,0.0
225,conjoint_triad_309,0.0
226,conjoint_triad_311,0.0
227,conjoint_triad_312,0.0
228,conjoint_triad_313,0.0
229,conjoint_triad_314,0.0
230,conjoint_triad_315,0.0
231,conjoint_triad_316,0.0
232,conjoint_triad_317,0.0
233,conjoint_triad_318,0.0
234,conjoint_triad_319,0.0
235,conjoint_triad_122,0.0
236,conjoint_triad_124,0.0
237,conjoint_triad_229,0.0
238,conjoint_triad_179,0.0
239,conjoint_triad_203,0.0
240,conjoint_triad_202,0.0
241,conjoint_triad_201,0.0
242,conjoint_triad_200,0.0
243,conjoint_triad_199,0.0
244,conjoint_triad_198,0.0
245,conjoint_triad_197,0.0
246,conjoint_triad_196,0.0
247,conjoint_triad_195,0.0
248,conjoint_triad_194,0.0
249,conjoint_triad_193,0.0
250,conjoint_triad_238,0.0
251,conjoint_triad_239,0.0
252,conjoint_triad_192,0.0
253,conjoint_triad_191,0.0
254,conjoint_triad_240,0.0
255,conjoint_triad_190,0.0
256,conjoint_triad_189,0.0
257,conjoint_triad_188,0.0
258,conjoint_triad_241,0.0
259,conjoint_triad_187,0.0
260,conjoint_triad_186,0.0
261,conjoint_triad_185,0.0
262,conjoint_triad_184,0.0
263,conjoint_triad_183,0.0
264,conjoint_triad_182,0.0
265,conjoint_triad_181,0.0
266,conjoint_triad_237,0.0
267,conjoint_triad_236,0.0
268,conjoint_triad_206,0.0
269,conjoint_triad_235,0.0
270,conjoint_triad_228,0.0
271,conjoint_triad_227,0.0
272,conjoint_triad_226,0.0
273,conjoint_triad_225,0.0
274,conjoint_triad_231,0.0
275,conjoint_triad_232,0.0
276,conjoint_triad_224,0.0
277,conjoint_triad_223,0.0
278,conjoint_triad_233,0.0
279,conjoint_triad_234,0.0
280,conjoint_triad_222,0.0
281,conjoint_triad_221,0.0
282,conjoint_triad_220,0.0
283,conjoint_triad_207,0.0
284,conjoint_triad_219,0.0
285,conjoint_triad_218,0.0
286,conjoint_triad_217,0.0
287,conjoint_triad_216,0.0
288,conjoint_triad_215,0.0
289,conjoint_triad_214,0.0
290,conjoint_triad_213,0.0
291,conjoint_triad_212,0.0
292,conjoint_triad_211,0.0
293,conjoint_triad_210,0.0
294,conjoint_triad_209,0.0
295,conjoint_triad_208,0.0
296,conjoint_triad_180,0.0
297,conjoint_triad_178,0.0
298,conjoint_triad_125,0.0
299,conjoint_triad_177,0.0
300,conjoint_triad_253,0.0
301,conjoint_triad_147,0.0
302,conjoint_triad_146,0.0
303,conjoint_triad_145,0.0
304,conjoint_triad_144,0.0
305,conjoint_triad_256,0.0
306,conjoint_triad_142,0.0
307,conjoint_triad_141,0.0
308,conjoint_triad_140,0.0
309,conjoint_triad_139,0.0
310,conjoint_triad_138,0.0
311,conjoint_triad_137,0.0
312,conjoint_triad_136,0.0
313,conjoint_triad_257,0.0
314,conjoint_triad_135,0.0
315,conjoint_triad_134,0.0
316,conjoint_triad_258,0.0
317,conjoint_triad_259,0.0
318,conjoint_triad_133,0.0
319,conjoint_triad_132,0.0
320,conjoint_triad_260,0.0
321,conjoint_triad_131,0.0
322,conjoint_triad_130,0.0
323,conjoint_triad_129,0.0
324,conjoint_triad_262,0.0
325,conjoint_triad_127,0.0
326,conjoint_triad_126,0.0
327,conjoint_triad_252,0.0
328,conjoint_triad_251,0.0
329,conjoint_triad_151,0.0
330,conjoint_triad_167,0.0
331,conjoint_triad_242,0.0
332,conjoint_triad_176,0.0
333,conjoint_triad_41,0.0
334,conjoint_triad_243,0.0
335,conjoint_triad_174,0.0
336,conjoint_triad_173,0.0
337,conjoint_triad_172,0.0
338,conjoint_triad_244,0.0
339,conjoint_triad_245,0.0
340,conjoint_triad_170,0.0
341,conjoint_triad_169,0.0
342,conjoint_triad_168,0.0
343,conjoint_triad_166,0.0
344,conjoint_triad_152,0.0
345,conjoint_triad_165,0.0
346,conjoint_triad_246,0.0
347,conjoint_triad_163,0.0
348,conjoint_triad_161,0.0
349,conjoint_triad_160,0.0
350,conjoint_triad_159,0.0
351,conjoint_triad_158,0.0
352,conjoint_triad_248,0.0
353,conjoint_triad_249,0.0
354,conjoint_triad_250,0.0
355,conjoint_triad_154,0.0
356,conjoint_triad_153,0.0
357,conjoint_triad_175,0.0
358,ARGP820103_1,0.0
359,conjoint_triad_35,0.0
360,ARGP820103_96,0.0
361,ARGP820103_98,0.0
362,ARGP820103_99,0.0
363,ARGP820103_100,0.0
364,ARGP820103_101,0.0
365,ARGP820103_102,0.0
366,ARGP820103_103,0.0
367,ARGP820103_104,0.0
368,ARGP820103_105,0.0
369,ARGP820103_106,0.0
370,ARGP820103_107,0.0
371,ARGP820103_108,0.0
372,ARGP820103_109,0.0
373,ARGP820103_110,0.0
374,ARGP820103_111,0.0
375,ARGP820103_112,0.0
376,ARGP820103_97,0.0
377,ARGP820103_95,0.0
378,ARGP820103_114,0.0
379,ARGP820103_94,0.0
380,ARGP820103_79,0.0
381,ARGP820103_80,0.0
382,ARGP820103_81,0.0
383,ARGP820103_82,0.0
384,ARGP820103_83,0.0
385,ARGP820103_84,0.0
386,ARGP820103_85,0.0
387,ARGP820103_86,0.0
388,ARGP820103_87,0.0
389,ARGP820103_88,0.0
390,ARGP820103_89,0.0
391,ARGP820103_90,0.0
392,ARGP820103_91,0.0
393,ARGP820103_92,0.0
394,ARGP820103_93,0.0
395,ARGP820103_113,0.0
396,ARGP820103_115,0.0
397,ARGP820103_77,0.0
398,ARGP820103_139,0.0
399,ARGP820103_141,0.0
400,ARGP820103_142,0.0
401,ARGP820103_143,0.0
402,ARGP820103_144,0.0
403,ARGP820103_145,0.0
404,ARGP820103_146,0.0
405,ARGP820103_147,0.0
406,ARGP820103_148,0.0
407,ARGP820103_149,0.0
408,ARGP820103_150,0.0
409,ARGP820103_151,0.0
410,ARGP820103_152,0.0
411,ARGP820103_153,0.0
412,ARGP820103_154,0.0
413,ARGP820103_155,0.0
414,ARGP820103_140,0.0
415,ARGP820103_138,0.0
416,ARGP820103_116,0.0
417,ARGP820103_137,0.0
418,ARGP820103_117,0.0
419,ARGP820103_118,0.0
420,ARGP820103_119,0.0
421,ARGP820103_120,0.0
422,ARGP820103_123,0.0
423,ARGP820103_124,0.0
424,ARGP820103_127,0.0
425,ARGP820103_128,0.0
426,ARGP820103_130,0.0
427,ARGP820103_131,0.0
428,ARGP820103_132,0.0
429,ARGP820103_133,0.0
430,ARGP820103_134,0.0
431,ARGP820103_135,0.0
432,ARGP820103_136,0.0
433,ARGP820103_78,0.0
434,ARGP820103_76,0.0
435,conjoint_triad_34,0.0
436,ARGP820103_20,0.0
437,ARGP820103_22,0.0
438,ARGP820103_23,0.0
439,ARGP820103_24,0.0
440,ARGP820103_25,0.0
441,ARGP820103_26,0.0
442,ARGP820103_27,0.0
443,ARGP820103_28,0.0
444,ARGP820103_29,0.0
445,ARGP820103_30,0.0
446,ARGP820103_31,0.0
447,ARGP820103_32,0.0
448,ARGP820103_33,0.0
449,ARGP820103_34,0.0
450,ARGP820103_35,0.0
451,ARGP820103_36,0.0
452,ARGP820103_21,0.0
453,ARGP820103_19,0.0
454,ARGP820103_38,0.0
455,ARGP820103_18,0.0
456,ARGP820103_3,0.0
457,ARGP820103_4,0.0
458,ARGP820103_5,0.0
459,ARGP820103_6,0.0
460,ARGP820103_7,0.0
461,ARGP820103_8,0.0
462,ARGP820103_9,0.0
463,ARGP820103_10,0.0
464,ARGP820103_11,0.0
465,ARGP820103_12,0.0
466,ARGP820103_13,0.0
467,ARGP820103_14,0.0
468,ARGP820103_15,0.0
469,ARGP820103_16,0.0
470,ARGP820103_17,0.0
471,ARGP820103_37,0.0
472,ARGP820103_39,0.0
473,ARGP820103_75,0.0
474,ARGP820103_58,0.0
475,ARGP820103_60,0.0
476,ARGP820103_61,0.0
477,ARGP820103_62,0.0
478,ARGP820103_63,0.0
479,ARGP820103_64,0.0
480,ARGP820103_65,0.0
481,ARGP820103_66,0.0
482,ARGP820103_67,0.0
483,ARGP820103_68,0.0
484,ARGP820103_69,0.0
485,ARGP820103_70,0.0
486,ARGP820103_71,0.0
487,ARGP820103_72,0.0
488,ARGP820103_73,0.0
489,ARGP820103_74,0.0
490,ARGP820103_59,0.0
491,ARGP820103_57,0.0
492,ARGP820103_40,0.0
493,ARGP820103_56,0.0
494,ARGP820103_41,0.0
495,ARGP820103_42,0.0
496,ARGP820103_43,0.0
497,ARGP820103_44,0.0
498,ARGP820103_45,0.0
499,ARGP820103_46,0.0
500,ARGP820103_47,0.0
501,ARGP820103_48,0.0
502,ARGP820103_49,0.0
503,ARGP820103_50,0.0
504,ARGP820103_51,0.0
505,ARGP820103_52,0.0
506,ARGP820103_53,0.0
507,ARGP820103_54,0.0
508,ARGP820103_55,0.0
509,ARGP820103_156,0.0
510,ARGP820103_157,0.0
511,ARGP820103_160,0.0
512,ARGP820103_265,0.0
513,ARGP820103_267,0.0
514,ARGP820103_268,0.0
515,ARGP820103_269,0.0
516,ARGP820103_270,0.0
517,ARGP820103_271,0.0
518,ARGP820103_272,0.0
519,ARGP820103_273,0.0
520,ARGP820103_274,0.0
521,ARGP820103_275,0.0
522,ARGP820103_276,0.0
523,ARGP820103_277,0.0
524,ARGP820103_278,0.0
525,ARGP820103_279,0.0
526,ARGP820103_280,0.0
527,ARGP820103_281,0.0
528,ARGP820103_266,0.0
529,ARGP820103_264,0.0
530,ARGP820103_283,0.0
531,ARGP820103_263,0.0
532,ARGP820103_246,0.0
533,ARGP820103_247,0.0
534,ARGP820103_248,0.0
535,ARGP820103_249,0.0
536,ARGP820103_250,0.0
537,ARGP820103_251,0.0
538,ARGP820103_252,0.0
539,ARGP820103_254,0.0
540,ARGP820103_255,0.0
541,ARGP820103_257,0.0
542,ARGP820103_258,0.0
543,ARGP820103_259,0.0
544,ARGP820103_260,0.0
545,ARGP820103_261,0.0
546,ARGP820103_262,0.0
547,ARGP820103_282,0.0
548,ARGP820103_284,0.0
549,ARGP820103_161,0.0
550,conjoint_triad_7,0.0
551,conjoint_triad_12,0.0
552,ARGP820103_2,0.0
553,conjoint_triad_18,0.0
554,conjoint_triad_19,0.0
555,conjoint_triad_20,0.0
556,conjoint_triad_22,0.0
557,conjoint_triad_24,0.0
558,conjoint_triad_25,0.0
559,conjoint_triad_26,0.0
560,conjoint_triad_27,0.0
561,conjoint_triad_28,0.0
562,conjoint_triad_29,0.0
563,conjoint_triad_31,0.0
564,conjoint_triad_32,0.0
565,conjoint_triad_33,0.0
566,conjoint_triad_11,0.0
567,conjoint_triad_6,0.0
568,ARGP820103_285,0.0
569,conjoint_triad_5,0.0
570,ARGP820103_286,0.0
571,ARGP820103_287,0.0
572,ARGP820103_288,0.0
573,ARGP820103_289,0.0
574,ARGP820103_290,0.0
575,ARGP820103_291,0.0
576,ARGP820103_292,0.0
577,ARGP820103_293,0.0
578,ARGP820103_294,0.0
579,ARGP820103_295,0.0
580,ARGP820103_296,0.0
581,ARGP820103_297,0.0
582,ARGP820103_298,0.0
583,amino_acid_composition_7,0.0
584,conjoint_triad_4,0.0
585,ARGP820103_245,0.0
586,ARGP820103_244,0.0
587,ARGP820103_243,0.0
588,ARGP820103_183,0.0
589,ARGP820103_186,0.0
590,ARGP820103_187,0.0
591,ARGP820103_188,0.0
592,ARGP820103_189,0.0
593,ARGP820103_190,0.0
594,ARGP820103_191,0.0
595,ARGP820103_192,0.0
596,ARGP820103_193,0.0
597,ARGP820103_194,0.0
598,ARGP820103_195,0.0
599,ARGP820103_196,0.0
600,ARGP820103_197,0.0
601,ARGP820103_198,0.0
602,ARGP820103_199,0.0
603,ARGP820103_200,0.0
604,ARGP820103_184,0.0
605,ARGP820103_182,0.0
606,ARGP820103_242,0.0
607,ARGP820103_180,0.0
608,ARGP820103_163,0.0
609,ARGP820103_164,0.0
610,ARGP820103_165,0.0
611,ARGP820103_167,0.0
612,ARGP820103_168,0.0
613,ARGP820103_169,0.0
614,ARGP820103_170,0.0
615,ARGP820103_171,0.0
616,ARGP820103_172,0.0
617,ARGP820103_173,0.0
618,ARGP820103_174,0.0
619,ARGP820103_175,0.0
620,ARGP820103_176,0.0
621,ARGP820103_177,0.0
622,ARGP820103_179,0.0
623,ARGP820103_201,0.0
624,ARGP820103_202,0.0
625,ARGP820103_203,0.0
626,ARGP820103_204,0.0
627,ARGP820103_224,0.0
628,ARGP820103_227,0.0
629,ARGP820103_228,0.0
630,ARGP820103_230,0.0
631,ARGP820103_231,0.0
632,ARGP820103_232,0.0
633,ARGP820103_233,0.0
634,ARGP820103_234,0.0
635,ARGP820103_235,0.0
636,ARGP820103_236,0.0
637,ARGP820103_237,0.0
638,ARGP820103_238,0.0
639,ARGP820103_239,0.0
640,ARGP820103_240,0.0
641,ARGP820103_241,0.0
642,ARGP820103_223,0.0
643,ARGP820103_221,0.0
644,ARGP820103_220,0.0
645,ARGP820103_211,0.0
646,ARGP820103_205,0.0
647,ARGP820103_206,0.0
648,ARGP820103_207,0.0
649,ARGP820103_208,0.0
650,ARGP820103_209,0.0
651,ARGP820103_210,0.0
652,ARGP820103_212,0.0
653,ARGP820103_219,0.0
654,ARGP820103_213,0.0
655,ARGP820103_214,0.0
656,ARGP820103_215,0.0
657,ARGP820103_216,0.0
658,ARGP820103_217,0.0
659,ARGP820103_218,0.0
660,conjoint_triad_343,0.0
